"","x"
"1","D_0__Bacteria; D_1__Cyanobacteria; D_2__Oxyphotobacteria; D_3__Chloroplast; D_4__Cercis gigantea; D_5__Cercis gigantea; D_6__Cercis gigantea"
"2","D_0__Bacteria; D_1__Proteobacteria; D_2__Alphaproteobacteria; D_3__Rickettsiales; D_4__Mitochondria"
"3","D_0__Bacteria; D_1__Proteobacteria; D_2__Alphaproteobacteria; D_3__Rickettsiales; D_4__Mitochondria"
"4","D_0__Bacteria; D_1__Proteobacteria; D_2__Alphaproteobacteria; D_3__Rickettsiales; D_4__Mitochondria"
"5","D_0__Bacteria; D_1__Cyanobacteria; D_2__Oxyphotobacteria; D_3__Chloroplast"
"6","D_0__Bacteria; D_1__Cyanobacteria; D_2__Oxyphotobacteria; D_3__Chloroplast"
"7","D_0__Bacteria; D_1__Cyanobacteria; D_2__Oxyphotobacteria; D_3__Chloroplast"
"8","D_0__Bacteria; D_1__Cyanobacteria; D_2__Oxyphotobacteria; D_3__Chloroplast; D_4__Nicotiana attenuata; D_5__Nicotiana attenuata; D_6__Nicotiana attenuata"
"9","D_0__Bacteria; D_1__Proteobacteria; D_2__Alphaproteobacteria; D_3__Rickettsiales; D_4__Mitochondria; D_5__Arachis hypogaea (peanut); D_6__Arachis hypogaea (peanut)"
"10","D_0__Bacteria; D_1__Cyanobacteria; D_2__Oxyphotobacteria; D_3__Chloroplast"
"11","D_0__Bacteria; D_1__Proteobacteria; D_2__Alphaproteobacteria; D_3__Rhizobiales; D_4__Rhizobiaceae; D_5__Allorhizobium-Neorhizobium-Pararhizobium-Rhizobium"
"12","D_0__Bacteria; D_1__Cyanobacteria; D_2__Oxyphotobacteria; D_3__Chloroplast"
"13","D_0__Bacteria; D_1__Cyanobacteria; D_2__Oxyphotobacteria; D_3__Chloroplast"
"14","D_0__Bacteria; D_1__Firmicutes; D_2__Bacilli; D_3__Bacillales; D_4__Bacillaceae; D_5__Bacillus"
"15","D_0__Bacteria; D_1__Proteobacteria; D_2__Alphaproteobacteria; D_3__Rickettsiales; D_4__Mitochondria"
"16","D_0__Bacteria; D_1__Cyanobacteria; D_2__Oxyphotobacteria; D_3__Chloroplast"
"17","D_0__Bacteria; D_1__Proteobacteria; D_2__Alphaproteobacteria; D_3__Rickettsiales; D_4__Mitochondria"
"18","D_0__Bacteria; D_1__Proteobacteria; D_2__Alphaproteobacteria; D_3__Rickettsiales; D_4__Mitochondria"
"19","D_0__Bacteria; D_1__Proteobacteria; D_2__Alphaproteobacteria; D_3__Rickettsiales; D_4__Mitochondria"
"20","D_0__Bacteria; D_1__Proteobacteria; D_2__Gammaproteobacteria; D_3__Betaproteobacteriales; D_4__Burkholderiaceae; D_5__Curvibacter"
"21","D_0__Bacteria; D_1__Proteobacteria; D_2__Alphaproteobacteria; D_3__Rickettsiales; D_4__Mitochondria"
"22","D_0__Bacteria; D_1__Proteobacteria; D_2__Gammaproteobacteria; D_3__Pseudomonadales; D_4__Pseudomonadaceae; D_5__Pseudomonas; D_6__metagenome"
"23","D_0__Bacteria; D_1__Cyanobacteria; D_2__Oxyphotobacteria; D_3__Chloroplast; D_4__uncultured bacterium; D_5__uncultured bacterium; D_6__uncultured bacterium"
"24","D_0__Bacteria; D_1__Proteobacteria; D_2__Gammaproteobacteria; D_3__Pseudomonadales; D_4__Pseudomonadaceae; D_5__Pseudomonas"
"25","D_0__Bacteria; D_1__Proteobacteria; D_2__Alphaproteobacteria; D_3__Rhizobiales; D_4__Rhizobiaceae; D_5__Ochrobactrum"
"26","D_0__Bacteria; D_1__Actinobacteria; D_2__Actinobacteria; D_3__Streptomycetales; D_4__Streptomycetaceae; D_5__Streptomyces"
"27","D_0__Bacteria; D_1__Firmicutes; D_2__Bacilli; D_3__Lactobacillales; D_4__Carnobacteriaceae; D_5__Carnobacterium"
"28","D_0__Bacteria; D_1__Cyanobacteria; D_2__Oxyphotobacteria; D_3__Chloroplast; D_4__uncultured prokaryote; D_5__uncultured prokaryote; D_6__uncultured prokaryote"
"29","D_0__Bacteria; D_1__Actinobacteria; D_2__Actinobacteria; D_3__Micrococcales; D_4__Micrococcaceae"
"30","D_0__Bacteria; D_1__Actinobacteria; D_2__Actinobacteria; D_3__Streptomycetales; D_4__Streptomycetaceae; D_5__Streptomyces"
"31","D_0__Bacteria; D_1__Firmicutes; D_2__Bacilli; D_3__Lactobacillales; D_4__Lactobacillaceae; D_5__Lactobacillus; D_6__uncultured bacterium"
"32","D_0__Bacteria; D_1__Proteobacteria; D_2__Alphaproteobacteria; D_3__Sphingomonadales; D_4__Sphingomonadaceae; D_5__Sphingomonas"
"33","D_0__Bacteria; D_1__Proteobacteria; D_2__Gammaproteobacteria; D_3__Pseudomonadales; D_4__Pseudomonadaceae; D_5__Pseudomonas"
"34","D_0__Bacteria; D_1__Proteobacteria; D_2__Gammaproteobacteria; D_3__Enterobacteriales; D_4__Enterobacteriaceae; D_5__Escherichia-Shigella; D_6__Escherichia coli"
"35","D_0__Bacteria; D_1__Firmicutes; D_2__Bacilli; D_3__Lactobacillales; D_4__Streptococcaceae; D_5__Streptococcus"
"36","D_0__Bacteria; D_1__Proteobacteria; D_2__Gammaproteobacteria; D_3__Enterobacteriales; D_4__Enterobacteriaceae; D_5__Raoultella; D_6__Raoultella ornithinolytica"
"37","D_0__Bacteria; D_1__Proteobacteria; D_2__Gammaproteobacteria; D_3__Betaproteobacteriales; D_4__Burkholderiaceae"
"38","D_0__Bacteria; D_1__Firmicutes; D_2__Bacilli; D_3__Bacillales; D_4__Bacillaceae; D_5__Bacillus"
"39","D_0__Bacteria; D_1__Proteobacteria; D_2__Gammaproteobacteria; D_3__Pseudomonadales; D_4__Pseudomonadaceae; D_5__Pseudomonas"
"40","D_0__Bacteria; D_1__Proteobacteria; D_2__Alphaproteobacteria; D_3__Rhizobiales; D_4__Beijerinckiaceae; D_5__Methylobacterium; D_6__Methylobacterium radiotolerans"
"41","D_0__Bacteria; D_1__Actinobacteria; D_2__Actinobacteria; D_3__Micrococcales; D_4__Micrococcaceae; D_5__Arthrobacter; D_6__Arthrobacter sp. F7"
"42","D_0__Bacteria; D_1__Proteobacteria; D_2__Gammaproteobacteria; D_3__Pseudomonadales; D_4__Pseudomonadaceae; D_5__Pseudomonas"
"43","D_0__Bacteria; D_1__Proteobacteria; D_2__Alphaproteobacteria; D_3__Caulobacterales; D_4__Caulobacteraceae; D_5__Brevundimonas"
"44","D_0__Bacteria; D_1__Firmicutes; D_2__Bacilli; D_3__Bacillales; D_4__Bacillaceae; D_5__Bacillus"
"45","D_0__Bacteria; D_1__Proteobacteria; D_2__Gammaproteobacteria; D_3__Xanthomonadales; D_4__Xanthomonadaceae; D_5__Stenotrophomonas"
"46","D_0__Bacteria; D_1__Proteobacteria; D_2__Gammaproteobacteria; D_3__Pseudomonadales; D_4__Pseudomonadaceae; D_5__Pseudomonas"
"47","D_0__Bacteria; D_1__Proteobacteria; D_2__Alphaproteobacteria; D_3__Rhizobiales; D_4__Rhizobiaceae; D_5__Allorhizobium-Neorhizobium-Pararhizobium-Rhizobium"
"48","D_0__Bacteria; D_1__Proteobacteria; D_2__Gammaproteobacteria; D_3__Pseudomonadales; D_4__Pseudomonadaceae; D_5__Pseudomonas"
"49","D_0__Bacteria; D_1__Proteobacteria; D_2__Gammaproteobacteria; D_3__Pseudomonadales; D_4__Moraxellaceae; D_5__Acinetobacter"
"50","D_0__Bacteria; D_1__Proteobacteria; D_2__Gammaproteobacteria; D_3__Pseudomonadales; D_4__Moraxellaceae; D_5__Acinetobacter; D_6__Acinetobacter sp. IGCAR-9/07"
"51","D_0__Bacteria; D_1__Proteobacteria; D_2__Gammaproteobacteria; D_3__Xanthomonadales; D_4__Xanthomonadaceae; D_5__Stenotrophomonas"
"52","D_0__Bacteria; D_1__Actinobacteria; D_2__Actinobacteria; D_3__Frankiales; D_4__Geodermatophilaceae; D_5__Geodermatophilus"
"53","D_0__Bacteria; D_1__Proteobacteria; D_2__Alphaproteobacteria; D_3__Caulobacterales; D_4__Caulobacteraceae"
"54","D_0__Bacteria; D_1__Proteobacteria; D_2__Gammaproteobacteria; D_3__Betaproteobacteriales; D_4__Burkholderiaceae; D_5__uncultured"
"55","D_0__Bacteria; D_1__Proteobacteria; D_2__Gammaproteobacteria; D_3__Enterobacteriales; D_4__Enterobacteriaceae; D_5__Pantoea"
"56","D_0__Bacteria; D_1__Proteobacteria; D_2__Alphaproteobacteria; D_3__Rhizobiales; D_4__Kaistiaceae; D_5__Kaistia; D_6__uncultured bacterium"
"57","D_0__Bacteria; D_1__Proteobacteria; D_2__Gammaproteobacteria; D_3__Pseudomonadales; D_4__Pseudomonadaceae; D_5__Pseudomonas"
"58","D_0__Bacteria; D_1__Firmicutes; D_2__Bacilli; D_3__Bacillales; D_4__Listeriaceae; D_5__Listeria; D_6__Listeria monocytogenes"
"59","D_0__Bacteria; D_1__Proteobacteria; D_2__Gammaproteobacteria; D_3__Xanthomonadales; D_4__Xanthomonadaceae; D_5__Stenotrophomonas"
"60","D_0__Bacteria; D_1__Proteobacteria; D_2__Alphaproteobacteria; D_3__Rhizobiales; D_4__Beijerinckiaceae; D_5__Methylobacterium"
"61","D_0__Bacteria; D_1__Proteobacteria; D_2__Gammaproteobacteria; D_3__Betaproteobacteriales; D_4__Burkholderiaceae; D_5__Aquabacterium; D_6__uncultured bacterium"
"62","D_0__Bacteria; D_1__Proteobacteria; D_2__Gammaproteobacteria; D_3__Betaproteobacteriales; D_4__Burkholderiaceae"
"63","D_0__Bacteria; D_1__Firmicutes; D_2__Bacilli; D_3__Lactobacillales; D_4__Lactobacillaceae; D_5__Lactobacillus; D_6__uncultured bacterium"
"64","D_0__Bacteria; D_1__Actinobacteria; D_2__Actinobacteria; D_3__Bifidobacteriales; D_4__Bifidobacteriaceae; D_5__Bifidobacterium"
"65","D_0__Bacteria; D_1__Proteobacteria; D_2__Gammaproteobacteria; D_3__Pseudomonadales; D_4__Pseudomonadaceae; D_5__Pseudomonas; D_6__uncultured Pseudomonas sp."
"66","D_0__Bacteria; D_1__Actinobacteria; D_2__Thermoleophilia; D_3__Solirubrobacterales; D_4__Solirubrobacteraceae; D_5__Solirubrobacter; D_6__uncultured bacterium"
"67","D_0__Bacteria; D_1__Proteobacteria; D_2__Gammaproteobacteria; D_3__Pseudomonadales; D_4__Pseudomonadaceae; D_5__Pseudomonas"
"68","D_0__Bacteria; D_1__Firmicutes; D_2__Bacilli; D_3__Bacillales; D_4__Staphylococcaceae; D_5__Staphylococcus; D_6__Staphylococcus agnetis"
"69","D_0__Bacteria; D_1__Proteobacteria; D_2__Gammaproteobacteria; D_3__Betaproteobacteriales; D_4__Burkholderiaceae; D_5__Rhodoferax"
"70","D_0__Bacteria; D_1__Proteobacteria; D_2__Alphaproteobacteria; D_3__Rhizobiales; D_4__Rhizobiaceae; D_5__Aurantimonas"
"71","D_0__Bacteria; D_1__Proteobacteria; D_2__Alphaproteobacteria; D_3__Sphingomonadales; D_4__Sphingomonadaceae; D_5__Sphingomonas"
"72","D_0__Bacteria; D_1__Acidobacteria; D_2__Blastocatellia (Subgroup 4); D_3__Blastocatellales; D_4__Blastocatellaceae; D_5__Blastocatella"
"73","D_0__Bacteria; D_1__Proteobacteria; D_2__Gammaproteobacteria; D_3__Pseudomonadales; D_4__Pseudomonadaceae; D_5__Pseudomonas; D_6__Spumella sp. AR4D6"
"74","D_0__Bacteria; D_1__Cyanobacteria; D_2__Oxyphotobacteria; D_3__Chloroplast; D_4__Azolla filiculoides; D_5__Azolla filiculoides; D_6__Azolla filiculoides"
"75","D_0__Bacteria; D_1__Proteobacteria; D_2__Alphaproteobacteria; D_3__Sphingomonadales; D_4__Sphingomonadaceae; D_5__Sphingomonas"
"76","D_0__Bacteria; D_1__Proteobacteria; D_2__Gammaproteobacteria; D_3__Betaproteobacteriales; D_4__Burkholderiaceae; D_5__Noviherbaspirillum"
"77","D_0__Bacteria; D_1__Proteobacteria; D_2__Alphaproteobacteria; D_3__Rhizobiales; D_4__Beijerinckiaceae; D_5__Methylobacterium; D_6__uncultured bacterium"
"78","D_0__Bacteria; D_1__Proteobacteria; D_2__Gammaproteobacteria; D_3__Enterobacteriales; D_4__Enterobacteriaceae; D_5__Escherichia-Shigella; D_6__Malaclemys terrapin terrapin"
"79","D_0__Bacteria; D_1__Firmicutes; D_2__Bacilli; D_3__Bacillales; D_4__Bacillaceae; D_5__Bacillus"
"80","D_0__Bacteria; D_1__Firmicutes; D_2__Bacilli; D_3__Lactobacillales; D_4__Streptococcaceae; D_5__Streptococcus"
"81","D_0__Bacteria; D_1__Proteobacteria; D_2__Gammaproteobacteria; D_3__Enterobacteriales; D_4__Enterobacteriaceae; D_5__Salmonella"
"82","D_0__Bacteria; D_1__Proteobacteria; D_2__Alphaproteobacteria; D_3__Caulobacterales; D_4__Caulobacteraceae; D_5__Brevundimonas; D_6__uncultured bacterium"
"83","D_0__Bacteria; D_1__Proteobacteria; D_2__Alphaproteobacteria; D_3__Rhizobiales; D_4__Rhizobiaceae; D_5__Aureimonas"
"84","D_0__Bacteria; D_1__Proteobacteria; D_2__Gammaproteobacteria; D_3__Xanthomonadales; D_4__Xanthomonadaceae; D_5__Stenotrophomonas; D_6__Stenotrophomonas rhizophila"
"85","D_0__Bacteria; D_1__Proteobacteria; D_2__Alphaproteobacteria; D_3__Rhizobiales; D_4__Rhizobiaceae; D_5__Brucella"
"86","D_0__Bacteria; D_1__Proteobacteria; D_2__Gammaproteobacteria; D_3__Pseudomonadales; D_4__Pseudomonadaceae; D_5__Pseudomonas; D_6__Pseudomonas stutzeri"
"87","D_0__Bacteria; D_1__Firmicutes; D_2__Bacilli; D_3__Bacillales; D_4__Bacillaceae; D_5__Marinococcus"
"88","D_0__Bacteria; D_1__Proteobacteria; D_2__Gammaproteobacteria; D_3__Betaproteobacteriales; D_4__Burkholderiaceae; D_5__Janthinobacterium"
"89","D_0__Bacteria; D_1__Actinobacteria; D_2__Actinobacteria; D_3__Corynebacteriales; D_4__Dietziaceae; D_5__Dietzia"
"90","D_0__Bacteria; D_1__Proteobacteria; D_2__Alphaproteobacteria; D_3__Rhizobiales; D_4__Rhizobiaceae"
"91","D_0__Bacteria; D_1__Firmicutes; D_2__Bacilli; D_3__Bacillales; D_4__Staphylococcaceae; D_5__Staphylococcus; D_6__Staphylococcus hominis subsp. hominis"
"92","D_0__Bacteria; D_1__Proteobacteria; D_2__Alphaproteobacteria; D_3__Rhizobiales; D_4__Rhizobiaceae; D_5__Shinella"
"93","D_0__Bacteria; D_1__Firmicutes; D_2__Bacilli; D_3__Lactobacillales; D_4__Lactobacillaceae; D_5__Lactobacillus; D_6__Lactobacillus fermentum"
"94","D_0__Bacteria; D_1__Firmicutes; D_2__Bacilli; D_3__Lactobacillales; D_4__Enterococcaceae; D_5__Enterococcus; D_6__Enterococcus faecalis"
"95","D_0__Bacteria; D_1__Actinobacteria; D_2__Actinobacteria; D_3__Micrococcales; D_4__Micrococcaceae; D_5__Micrococcus; D_6__Micrococcus luteus"
"96","D_0__Bacteria; D_1__Proteobacteria; D_2__Alphaproteobacteria; D_3__Rhizobiales; D_4__Beijerinckiaceae; D_5__Bosea"
"97","D_0__Bacteria; D_1__Bacteroidetes; D_2__Bacteroidia; D_3__Flavobacteriales; D_4__Flavobacteriaceae; D_5__Flavobacterium; D_6__uncultured bacterium"
"98","D_0__Bacteria; D_1__Firmicutes; D_2__Bacilli; D_3__Bacillales; D_4__Paenibacillaceae; D_5__Paenibacillus"
"99","D_0__Bacteria; D_1__Actinobacteria; D_2__Acidimicrobiia; D_3__uncultured; D_4__uncultured bacterium; D_5__uncultured bacterium; D_6__uncultured bacterium"
"100","D_0__Bacteria; D_1__Proteobacteria; D_2__Alphaproteobacteria; D_3__Rhizobiales; D_4__Xanthobacteraceae; D_5__Bradyrhizobium; D_6__uncultured bacterium"
"101","D_0__Bacteria; D_1__Proteobacteria; D_2__Gammaproteobacteria; D_3__Enterobacteriales; D_4__Enterobacteriaceae; D_5__Escherichia-Shigella"
"102","D_0__Bacteria; D_1__Acidobacteria; D_2__Subgroup 6; D_3__uncultured Acidobacteria bacterium; D_4__uncultured Acidobacteria bacterium; D_5__uncultured Acidobacteria bacterium; D_6__uncultured Acidobacteria bacterium"
"103","D_0__Bacteria; D_1__Proteobacteria; D_2__Gammaproteobacteria; D_3__Betaproteobacteriales; D_4__Burkholderiaceae; D_5__Comamonas"
"104","D_0__Bacteria; D_1__Proteobacteria; D_2__Gammaproteobacteria; D_3__Betaproteobacteriales; D_4__Burkholderiaceae; D_5__uncultured; D_6__uncultured bacterium"
"105","D_0__Bacteria; D_1__Proteobacteria; D_2__Alphaproteobacteria; D_3__Rickettsiales; D_4__Mitochondria; D_5__Solanum melongena (eggplant); D_6__Solanum melongena (eggplant)"
"106","D_0__Bacteria; D_1__Proteobacteria; D_2__Gammaproteobacteria; D_3__Betaproteobacteriales; D_4__Burkholderiaceae; D_5__Herbaspirillum"
"107","D_0__Bacteria; D_1__Proteobacteria; D_2__Gammaproteobacteria; D_3__Gammaproteobacteria Incertae Sedis; D_4__Unknown Family; D_5__Acidibacter"
"108","D_0__Bacteria; D_1__Proteobacteria; D_2__Gammaproteobacteria; D_3__Betaproteobacteriales; D_4__Burkholderiaceae"
"109","D_0__Bacteria; D_1__Proteobacteria; D_2__Deltaproteobacteria; D_3__Myxococcales; D_4__Haliangiaceae; D_5__Haliangium; D_6__uncultured prokaryote"
"110","D_0__Bacteria; D_1__Actinobacteria; D_2__Actinobacteria; D_3__Micrococcales; D_4__Micrococcaceae; D_5__Kocuria"
"111","D_0__Bacteria; D_1__Actinobacteria; D_2__Actinobacteria; D_3__Corynebacteriales; D_4__Nocardiaceae; D_5__Nocardia"
"112","D_0__Bacteria; D_1__Chloroflexi; D_2__Anaerolineae; D_3__SBR1031; D_4__A4b; D_5__uncultured bacterium; D_6__uncultured bacterium"
"113","D_0__Bacteria; D_1__Proteobacteria; D_2__Gammaproteobacteria; D_3__Cellvibrionales; D_4__Cellvibrionaceae; D_5__Cellvibrio"
"114","D_0__Bacteria; D_1__Proteobacteria; D_2__Alphaproteobacteria; D_3__Rhizobiales; D_4__Rhizobiaceae; D_5__Allorhizobium-Neorhizobium-Pararhizobium-Rhizobium"
"115","D_0__Bacteria; D_1__Acidobacteria; D_2__Blastocatellia (Subgroup 4); D_3__Blastocatellales; D_4__Blastocatellaceae; D_5__Blastocatella; D_6__uncultured soil bacterium"
"116","D_0__Bacteria; D_1__Bacteroidetes; D_2__Bacteroidia; D_3__Sphingobacteriales; D_4__Sphingobacteriaceae; D_5__Pedobacter"
"117","D_0__Bacteria; D_1__Proteobacteria; D_2__Gammaproteobacteria; D_3__Pseudomonadales; D_4__Moraxellaceae; D_5__Acinetobacter; D_6__uncultured bacterium"
"118","D_0__Bacteria; D_1__Proteobacteria; D_2__Alphaproteobacteria; D_3__Sphingomonadales; D_4__Sphingomonadaceae; D_5__Sphingomonas"
"119","D_0__Bacteria; D_1__Bacteroidetes; D_2__Bacteroidia; D_3__Sphingobacteriales; D_4__Sphingobacteriaceae; D_5__Pedobacter"
"120","D_0__Bacteria; D_1__Proteobacteria; D_2__Deltaproteobacteria; D_3__Myxococcales; D_4__Haliangiaceae; D_5__Haliangium"
"121","D_0__Bacteria; D_1__Bacteroidetes; D_2__Bacteroidia; D_3__Flavobacteriales; D_4__Weeksellaceae; D_5__Chryseobacterium"
"122","D_0__Bacteria; D_1__Proteobacteria; D_2__Deltaproteobacteria; D_3__Myxococcales; D_4__Haliangiaceae; D_5__Haliangium"
"123","D_0__Bacteria; D_1__Proteobacteria; D_2__Alphaproteobacteria; D_3__Rhizobiales; D_4__Devosiaceae; D_5__Devosia; D_6__uncultured bacterium"
"124","D_0__Bacteria; D_1__Proteobacteria; D_2__Gammaproteobacteria; D_3__Betaproteobacteriales; D_4__Burkholderiaceae; D_5__Ramlibacter"
"125","D_0__Bacteria; D_1__Proteobacteria; D_2__Gammaproteobacteria; D_3__Steroidobacterales; D_4__Steroidobacteraceae; D_5__Steroidobacter; D_6__metagenome"
"126","D_0__Bacteria; D_1__Proteobacteria; D_2__Gammaproteobacteria; D_3__Betaproteobacteriales; D_4__Burkholderiaceae; D_5__Verticia"
"127","D_0__Bacteria; D_1__Proteobacteria; D_2__Alphaproteobacteria; D_3__Rhizobiales; D_4__Devosiaceae; D_5__Devosia; D_6__metagenome"
"128","D_0__Bacteria; D_1__Acidobacteria; D_2__Subgroup 17; D_3__uncultured bacterium; D_4__uncultured bacterium; D_5__uncultured bacterium; D_6__uncultured bacterium"
"129","D_0__Bacteria; D_1__Proteobacteria; D_2__Gammaproteobacteria; D_3__Betaproteobacteriales; D_4__Methylophilaceae"
"130","D_0__Bacteria; D_1__Proteobacteria; D_2__Alphaproteobacteria; D_3__Rhizobiales; D_4__Rhizobiaceae; D_5__Aureimonas"
"131","D_0__Bacteria; D_1__Proteobacteria; D_2__Gammaproteobacteria; D_3__Pseudomonadales; D_4__Moraxellaceae; D_5__Acinetobacter"
"132","D_0__Bacteria; D_1__Proteobacteria; D_2__Gammaproteobacteria; D_3__Enterobacteriales; D_4__Enterobacteriaceae; D_5__Dickeya"
"133","D_0__Bacteria; D_1__Actinobacteria; D_2__Thermoleophilia; D_3__Gaiellales; D_4__uncultured; D_5__uncultured bacterium; D_6__uncultured bacterium"
"134","D_0__Bacteria; D_1__Fibrobacteres; D_2__Fibrobacteria; D_3__Fibrobacterales; D_4__Fibrobacteraceae; D_5__possible genus 04; D_6__uncultured bacterium"
"135","D_0__Bacteria; D_1__Proteobacteria; D_2__Deltaproteobacteria; D_3__Myxococcales; D_4__BIrii41"
"136","D_0__Bacteria; D_1__Proteobacteria; D_2__Gammaproteobacteria; D_3__Betaproteobacteriales; D_4__Burkholderiaceae"
"137","D_0__Bacteria; D_1__Proteobacteria; D_2__Alphaproteobacteria; D_3__Acetobacterales; D_4__Acetobacteraceae; D_5__uncultured; D_6__uncultured bacterium"
"138","D_0__Bacteria; D_1__Proteobacteria; D_2__Alphaproteobacteria; D_3__Rhizobiales; D_4__Rhizobiaceae; D_5__Allorhizobium-Neorhizobium-Pararhizobium-Rhizobium; D_6__uncultured bacterium"
"139","D_0__Bacteria; D_1__Firmicutes; D_2__Bacilli; D_3__Bacillales"
"140","D_0__Bacteria; D_1__Proteobacteria; D_2__Alphaproteobacteria; D_3__Caulobacterales; D_4__Hyphomonadaceae; D_5__SWB02; D_6__uncultured bacterium"
"141","D_0__Bacteria; D_1__Proteobacteria; D_2__Alphaproteobacteria; D_3__Rhizobiales; D_4__Rhizobiales Incertae Sedis; D_5__Phreatobacter"
"142","D_0__Bacteria; D_1__Bacteroidetes; D_2__Bacteroidia; D_3__Flavobacteriales; D_4__Weeksellaceae; D_5__Chryseobacterium"
"143","D_0__Bacteria; D_1__Proteobacteria; D_2__Alphaproteobacteria; D_3__Rhizobiales; D_4__Hyphomicrobiaceae; D_5__Hyphomicrobium; D_6__uncultured bacterium"
"144","D_0__Bacteria; D_1__Bacteroidetes; D_2__Bacteroidia; D_3__Sphingobacteriales; D_4__Sphingobacteriaceae; D_5__uncultured"
"145","D_0__Bacteria; D_1__Proteobacteria; D_2__Gammaproteobacteria; D_3__Betaproteobacteriales; D_4__Rhodocyclaceae; D_5__Candidatus Accumulibacter; D_6__Candidatus Accumulibacter sp. SK-01"
"146","D_0__Bacteria; D_1__Firmicutes; D_2__Bacilli; D_3__Lactobacillales; D_4__Aerococcaceae; D_5__Aerococcus"
"147","D_0__Bacteria; D_1__Acidobacteria; D_2__Subgroup 6; D_3__uncultured bacterium; D_4__uncultured bacterium; D_5__uncultured bacterium; D_6__uncultured bacterium"
"148","D_0__Bacteria; D_1__Bacteroidetes; D_2__Bacteroidia; D_3__Chitinophagales; D_4__Chitinophagaceae; D_5__uncultured; D_6__uncultured Bacteroidetes bacterium"
"149","D_0__Bacteria; D_1__Verrucomicrobia; D_2__Verrucomicrobiae; D_3__Verrucomicrobiales; D_4__Verrucomicrobiaceae"
"150","D_0__Bacteria; D_1__Proteobacteria; D_2__Alphaproteobacteria; D_3__Sphingomonadales; D_4__Sphingomonadaceae; D_5__Sphingomonas"
"151","D_0__Bacteria; D_1__Actinobacteria; D_2__Actinobacteria; D_3__Corynebacteriales; D_4__Mycobacteriaceae; D_5__Mycobacterium"
"152","D_0__Bacteria; D_1__Firmicutes; D_2__Clostridia; D_3__Clostridiales; D_4__Family XIII; D_5__Anaerovorax; D_6__uncultured bacterium"
"153","D_0__Bacteria; D_1__Proteobacteria; D_2__Alphaproteobacteria; D_3__Sphingomonadales; D_4__Sphingomonadaceae; D_5__Sphingomonas"
"154","D_0__Bacteria; D_1__Proteobacteria; D_2__Alphaproteobacteria; D_3__Rhizobiales; D_4__uncultured"
"155","D_0__Bacteria; D_1__Actinobacteria; D_2__Thermoleophilia; D_3__Solirubrobacterales; D_4__Solirubrobacteraceae"
"156","D_0__Bacteria; D_1__Proteobacteria; D_2__Gammaproteobacteria; D_3__Pseudomonadales; D_4__Pseudomonadaceae; D_5__Pseudomonas"
"157","D_0__Bacteria; D_1__Proteobacteria; D_2__Gammaproteobacteria; D_3__Betaproteobacteriales; D_4__Methylophilaceae; D_5__Methylotenera"
"158","D_0__Bacteria; D_1__Verrucomicrobia; D_2__Verrucomicrobiae; D_3__Chthoniobacterales; D_4__Chthoniobacteraceae; D_5__LD29; D_6__uncultured bacterium"
"159","D_0__Bacteria; D_1__Proteobacteria; D_2__Alphaproteobacteria; D_3__Rhodobacterales; D_4__Rhodobacteraceae; D_5__Rhodobacter"
"160","D_0__Bacteria; D_1__Proteobacteria; D_2__Alphaproteobacteria; D_3__Rhizobiales; D_4__Rhizobiales Incertae Sedis; D_5__uncultured; D_6__uncultured bacterium"
"161","D_0__Bacteria; D_1__Bacteroidetes; D_2__Bacteroidia; D_3__Chitinophagales; D_4__Chitinophagaceae; D_5__uncultured; D_6__uncultured bacterium"
"162","D_0__Bacteria; D_1__Proteobacteria; D_2__Alphaproteobacteria; D_3__Rhizobiales; D_4__Rhizobiales Incertae Sedis; D_5__uncultured; D_6__uncultured bacterium"
"163","D_0__Bacteria; D_1__Proteobacteria; D_2__Alphaproteobacteria; D_3__Sphingomonadales; D_4__Sphingomonadaceae; D_5__Sphingomonas; D_6__uncultured bacterium"
"164","D_0__Bacteria; D_1__Bacteroidetes; D_2__Bacteroidia; D_3__Cytophagales; D_4__Hymenobacteraceae; D_5__Hymenobacter"
"165","D_0__Bacteria; D_1__Proteobacteria; D_2__Alphaproteobacteria; D_3__Acetobacterales; D_4__Acetobacteraceae"
"166","D_0__Bacteria; D_1__Proteobacteria; D_2__Gammaproteobacteria; D_3__Betaproteobacteriales; D_4__Burkholderiaceae; D_5__Burkholderia-Caballeronia-Paraburkholderia"
"167","D_0__Bacteria; D_1__Bacteroidetes; D_2__Ignavibacteria; D_3__OPB56; D_4__uncultured bacterium; D_5__uncultured bacterium; D_6__uncultured bacterium"
"168","D_0__Bacteria; D_1__Proteobacteria; D_2__Alphaproteobacteria; D_3__Rhizobiales; D_4__Beijerinckiaceae; D_5__Methylobacterium"
"169","D_0__Bacteria; D_1__Cyanobacteria; D_2__Oxyphotobacteria; D_3__Chloroplast; D_4__uncultured marine eukaryote; D_5__uncultured marine eukaryote; D_6__uncultured marine eukaryote"
"170","D_0__Bacteria; D_1__Proteobacteria; D_2__Alphaproteobacteria; D_3__Rhizobiales; D_4__Devosiaceae"
"171","D_0__Bacteria; D_1__Proteobacteria; D_2__Alphaproteobacteria; D_3__Rhizobiales; D_4__Xanthobacteraceae; D_5__uncultured; D_6__metagenome"
"172","D_0__Bacteria; D_1__Bacteroidetes; D_2__Bacteroidia; D_3__Cytophagales; D_4__Amoebophilaceae; D_5__Candidatus Amoebophilus"
"173","D_0__Bacteria; D_1__Acidobacteria; D_2__Acidobacteriia; D_3__Acidobacteriales; D_4__Acidobacteriaceae (Subgroup 1)"
"174","D_0__Bacteria; D_1__Proteobacteria; D_2__Alphaproteobacteria; D_3__Rhizobiales; D_4__Hyphomicrobiaceae; D_5__Hyphomicrobium; D_6__metagenome"
"175","D_0__Bacteria; D_1__Bacteroidetes; D_2__Bacteroidia; D_3__Cytophagales; D_4__Hymenobacteraceae; D_5__Hymenobacter"
"176","D_0__Bacteria; D_1__Bacteroidetes; D_2__Bacteroidia; D_3__Sphingobacteriales; D_4__Sphingobacteriaceae; D_5__Pedobacter"
"177","D_0__Bacteria; D_1__Acidobacteria; D_2__Acidobacteriia; D_3__Solibacterales; D_4__Solibacteraceae (Subgroup 3); D_5__Bryobacter"
"178","D_0__Bacteria; D_1__Proteobacteria; D_2__Gammaproteobacteria; D_3__Betaproteobacteriales; D_4__TRA3-20; D_5__metagenome; D_6__metagenome"
"179","D_0__Bacteria; D_1__FBP; D_2__uncultured bacterium; D_3__uncultured bacterium; D_4__uncultured bacterium; D_5__uncultured bacterium; D_6__uncultured bacterium"
"180","D_0__Bacteria; D_1__Actinobacteria; D_2__Actinobacteria; D_3__Frankiales; D_4__Frankiaceae; D_5__Jatrophihabitans"
"181","D_0__Bacteria; D_1__Bacteroidetes; D_2__Bacteroidia; D_3__Chitinophagales; D_4__Chitinophagaceae; D_5__uncultured; D_6__uncultured bacterium"
"182","D_0__Bacteria; D_1__Proteobacteria; D_2__Gammaproteobacteria; D_3__Betaproteobacteriales; D_4__Burkholderiaceae; D_5__Ramlibacter"
"183","D_0__Bacteria; D_1__Actinobacteria; D_2__Actinobacteria; D_3__Frankiales; D_4__Acidothermaceae; D_5__Acidothermus; D_6__uncultured bacterium"
"184","D_0__Bacteria; D_1__Acidobacteria; D_2__Acidobacteriia; D_3__Acidobacteriales; D_4__Acidobacteriaceae (Subgroup 1); D_5__Granulicella"
"185","D_0__Bacteria; D_1__Planctomycetes; D_2__Planctomycetacia; D_3__Isosphaerales; D_4__Isosphaeraceae; D_5__Aquisphaera; D_6__uncultured planctomycete"
"186","D_0__Bacteria; D_1__Cyanobacteria; D_2__Oxyphotobacteria; D_3__Chloroplast; D_4__uncultured bacterium; D_5__uncultured bacterium; D_6__uncultured bacterium"
"187","D_0__Bacteria; D_1__Bacteroidetes; D_2__Bacteroidia; D_3__Sphingobacteriales; D_4__NS11-12 marine group"
"188","D_0__Bacteria; D_1__Proteobacteria; D_2__Alphaproteobacteria; D_3__Sphingomonadales; D_4__Sphingomonadaceae; D_5__Rhizorhapis"
"189","D_0__Bacteria; D_1__Cyanobacteria; D_2__Oxyphotobacteria; D_3__Chloroplast; D_4__uncultured bacterium; D_5__uncultured bacterium; D_6__uncultured bacterium"
"190","D_0__Bacteria; D_1__Planctomycetes; D_2__Planctomycetacia; D_3__Gemmatales; D_4__Gemmataceae; D_5__Gemmata; D_6__metagenome"
"191","D_0__Bacteria; D_1__Proteobacteria; D_2__Alphaproteobacteria; D_3__Sphingomonadales; D_4__Sphingomonadaceae; D_5__Sphingobium; D_6__metagenome"
"192","D_0__Bacteria; D_1__Actinobacteria; D_2__Thermoleophilia; D_3__Solirubrobacterales; D_4__67-14; D_5__metagenome; D_6__metagenome"
"193","D_0__Bacteria; D_1__Proteobacteria; D_2__Alphaproteobacteria; D_3__Rhizobiales; D_4__Methyloligellaceae; D_5__uncultured; D_6__uncultured bacterium"
"194","D_0__Bacteria; D_1__Proteobacteria; D_2__Gammaproteobacteria; D_3__Legionellales; D_4__Legionellaceae; D_5__Legionella; D_6__uncultured bacterium"
"195","D_0__Bacteria; D_1__Proteobacteria; D_2__Gammaproteobacteria; D_3__Pseudomonadales; D_4__Moraxellaceae; D_5__Acinetobacter; D_6__uncultured bacterium"
"196","D_0__Bacteria; D_1__Bacteroidetes; D_2__Bacteroidia; D_3__Chitinophagales; D_4__Chitinophagaceae; D_5__Parafilimonas; D_6__uncultured Bacteroidetes bacterium"
"197","D_0__Bacteria; D_1__Proteobacteria; D_2__Alphaproteobacteria; D_3__Sphingomonadales; D_4__Sphingomonadaceae; D_5__Altererythrobacter; D_6__uncultured bacterium"
"198","D_0__Bacteria; D_1__Proteobacteria; D_2__Alphaproteobacteria; D_3__Rhodobacterales; D_4__Rhodobacteraceae; D_5__Amaricoccus"
"199","D_0__Bacteria; D_1__Proteobacteria; D_2__Gammaproteobacteria; D_3__Enterobacteriales; D_4__Enterobacteriaceae; D_5__Enterobacter"
"200","D_0__Bacteria; D_1__Verrucomicrobia; D_2__Verrucomicrobiae; D_3__Chthoniobacterales; D_4__Chthoniobacteraceae; D_5__Chthoniobacter; D_6__metagenome"
"201","D_0__Bacteria; D_1__Proteobacteria; D_2__Alphaproteobacteria; D_3__Caulobacterales; D_4__Caulobacteraceae; D_5__Phenylobacterium; D_6__metagenome"
"202","D_0__Bacteria; D_1__Bacteroidetes; D_2__Bacteroidia; D_3__Chitinophagales; D_4__Chitinophagaceae; D_5__Ferruginibacter; D_6__uncultured bacterium"
"203","D_0__Bacteria; D_1__Proteobacteria; D_2__Alphaproteobacteria; D_3__Sphingomonadales; D_4__Sphingomonadaceae; D_5__Sphingomonas"
"204","D_0__Bacteria; D_1__Bacteroidetes; D_2__Bacteroidia; D_3__Chitinophagales; D_4__Chitinophagaceae; D_5__Sediminibacterium"
"205","D_0__Bacteria; D_1__Acidobacteria; D_2__Acidobacteriia; D_3__Acidobacteriales; D_4__Acidobacteriaceae (Subgroup 1); D_5__Granulicella"
"206","D_0__Bacteria; D_1__Actinobacteria; D_2__Actinobacteria; D_3__Corynebacteriales; D_4__Mycobacteriaceae; D_5__Mycobacterium; D_6__Mycobacterium sp."
"207","D_0__Bacteria; D_1__Firmicutes; D_2__Negativicutes; D_3__Selenomonadales; D_4__Veillonellaceae; D_5__Sporomusa; D_6__uncultured Sporomusa sp."
"208","D_0__Bacteria; D_1__Proteobacteria; D_2__Gammaproteobacteria; D_3__Enterobacteriales; D_4__Enterobacteriaceae; D_5__Escherichia-Shigella; D_6__uncultured bacterium"
"209","D_0__Bacteria; D_1__Bacteroidetes; D_2__Bacteroidia; D_3__Chitinophagales; D_4__Saprospiraceae; D_5__uncultured; D_6__uncultured bacterium"
"210","D_0__Bacteria; D_1__Firmicutes; D_2__Bacilli; D_3__Lactobacillales; D_4__Carnobacteriaceae; D_5__Trichococcus; D_6__Trichococcus collinsii"
"211","D_0__Bacteria; D_1__Proteobacteria; D_2__Gammaproteobacteria; D_3__Enterobacteriales; D_4__Enterobacteriaceae; D_5__Escherichia-Shigella; D_6__uncultured bacterium"
"212","D_0__Bacteria; D_1__Proteobacteria; D_2__Gammaproteobacteria; D_3__Enterobacteriales; D_4__Enterobacteriaceae; D_5__Escherichia-Shigella; D_6__uncultured Enterobacteriaceae bacterium"
"213","D_0__Bacteria; D_1__Proteobacteria; D_2__Gammaproteobacteria; D_3__Enterobacteriales; D_4__Enterobacteriaceae; D_5__Escherichia-Shigella; D_6__metagenome"
"214","D_0__Bacteria; D_1__Firmicutes; D_2__Bacilli; D_3__Bacillales; D_4__Bacillaceae; D_5__Bacillus"
"215","D_0__Bacteria; D_1__Firmicutes; D_2__Bacilli; D_3__Bacillales; D_4__Bacillaceae; D_5__Bacillus; D_6__Bacillus subtilis"
"216","D_0__Bacteria; D_1__Proteobacteria; D_2__Alphaproteobacteria; D_3__Acetobacterales; D_4__Acetobacteraceae; D_5__Roseomonas"
"217","D_0__Bacteria; D_1__Firmicutes; D_2__Bacilli; D_3__Bacillales; D_4__Bacillaceae; D_5__Bacillus"
"218","D_0__Bacteria; D_1__Cyanobacteria; D_2__Oxyphotobacteria; D_3__Chloroplast; D_4__uncultured bacterium; D_5__uncultured bacterium; D_6__uncultured bacterium"
"219","D_0__Bacteria; D_1__Proteobacteria; D_2__Gammaproteobacteria; D_3__Pseudomonadales; D_4__Pseudomonadaceae; D_5__Pseudomonas"
"220","D_0__Bacteria; D_1__Firmicutes; D_2__Bacilli; D_3__Bacillales; D_4__Planococcaceae; D_5__Planococcus"
"221","D_0__Bacteria; D_1__Firmicutes; D_2__Bacilli; D_3__Bacillales; D_4__Staphylococcaceae; D_5__Staphylococcus; D_6__Staphylococcus aureus"
"222","D_0__Bacteria; D_1__Acidobacteria; D_2__Subgroup 6; D_3__uncultured bacterium; D_4__uncultured bacterium; D_5__uncultured bacterium; D_6__uncultured bacterium"
"223","D_0__Bacteria; D_1__Actinobacteria; D_2__Actinobacteria; D_3__Micrococcales; D_4__Micrococcaceae; D_5__Paeniglutamicibacter"
"224","D_0__Bacteria; D_1__Bacteroidetes; D_2__Bacteroidia; D_3__Sphingobacteriales; D_4__Sphingobacteriaceae; D_5__Sphingobacterium"
"225","D_0__Bacteria; D_1__Firmicutes; D_2__Bacilli; D_3__Bacillales; D_4__Bacillaceae; D_5__Bacillus"
"226","D_0__Bacteria; D_1__Proteobacteria; D_2__Alphaproteobacteria; D_3__Rhizobiales; D_4__Stappiaceae"
"227","D_0__Bacteria; D_1__Proteobacteria; D_2__Gammaproteobacteria; D_3__Betaproteobacteriales; D_4__Rhodocyclaceae; D_5__uncultured"
"228","D_0__Bacteria; D_1__Proteobacteria; D_2__Alphaproteobacteria; D_3__Rhizobiales; D_4__Rhizobiaceae; D_5__Mesorhizobium"
"229","D_0__Bacteria; D_1__Bacteroidetes; D_2__Bacteroidia; D_3__Cytophagales; D_4__Microscillaceae; D_5__uncultured; D_6__uncultured bacterium"
"230","D_0__Bacteria; D_1__Proteobacteria; D_2__Alphaproteobacteria; D_3__Sphingomonadales; D_4__Sphingomonadaceae; D_5__Novosphingobium"
"231","D_0__Bacteria; D_1__Proteobacteria; D_2__Alphaproteobacteria; D_3__Rhizobiales; D_4__Rhizobiaceae; D_5__Allorhizobium-Neorhizobium-Pararhizobium-Rhizobium"
"232","D_0__Bacteria; D_1__Bacteroidetes; D_2__Bacteroidia; D_3__Sphingobacteriales; D_4__env.OPS 17; D_5__uncultured bacterium; D_6__uncultured bacterium"
"233","D_0__Bacteria; D_1__Bacteroidetes; D_2__Bacteroidia; D_3__Cytophagales; D_4__Spirosomaceae; D_5__Dyadobacter"
"234","D_0__Bacteria; D_1__Actinobacteria; D_2__Actinobacteria; D_3__Streptomycetales; D_4__Streptomycetaceae; D_5__Streptomyces"
"235","D_0__Bacteria; D_1__Proteobacteria; D_2__Gammaproteobacteria; D_3__Enterobacteriales; D_4__Enterobacteriaceae; D_5__Pantoea"
"236","D_0__Bacteria; D_1__Firmicutes; D_2__Bacilli; D_3__Bacillales; D_4__Staphylococcaceae; D_5__Staphylococcus; D_6__uncultured bacterium"
"237","D_0__Bacteria; D_1__Proteobacteria; D_2__Gammaproteobacteria; D_3__Enterobacteriales; D_4__Enterobacteriaceae; D_5__Escherichia-Shigella; D_6__uncultured bacterium"
"238","D_0__Bacteria; D_1__Firmicutes; D_2__Bacilli; D_3__Lactobacillales; D_4__Enterococcaceae; D_5__Enterococcus; D_6__Enterococcus faecalis"
"239","D_0__Bacteria; D_1__Proteobacteria; D_2__Alphaproteobacteria; D_3__Rhizobiales; D_4__Beijerinckiaceae; D_5__Methylobacterium; D_6__uncultured bacterium"
"240","D_0__Bacteria; D_1__Firmicutes; D_2__Bacilli; D_3__Bacillales; D_4__Bacillaceae; D_5__Bacillus; D_6__Bacillus cereus"
"241","D_0__Bacteria; D_1__Firmicutes; D_2__Bacilli; D_3__Bacillales; D_4__Bacillaceae; D_5__Bacillus; D_6__Bacillus alkalitelluris"
"242","D_0__Bacteria; D_1__Firmicutes; D_2__Bacilli; D_3__Bacillales; D_4__Bacillaceae; D_5__Bacillus; D_6__Bacillus subtilis"
"243","D_0__Bacteria; D_1__Proteobacteria; D_2__Gammaproteobacteria; D_3__Oceanospirillales; D_4__Halomonadaceae; D_5__Halomonas"
"244","D_0__Bacteria; D_1__Proteobacteria; D_2__Alphaproteobacteria; D_3__Caulobacterales; D_4__Caulobacteraceae; D_5__uncultured"
"245","D_0__Bacteria; D_1__Proteobacteria; D_2__Gammaproteobacteria; D_3__Pseudomonadales; D_4__Pseudomonadaceae; D_5__Pseudomonas; D_6__Pseudomonas aeruginosa"
"246","D_0__Bacteria; D_1__Proteobacteria; D_2__Gammaproteobacteria; D_3__Enterobacteriales; D_4__Enterobacteriaceae; D_5__Escherichia-Shigella"
"247","D_0__Bacteria; D_1__Proteobacteria; D_2__Gammaproteobacteria; D_3__Enterobacteriales; D_4__Enterobacteriaceae; D_5__Escherichia-Shigella"
"248","D_0__Bacteria; D_1__Firmicutes; D_2__Bacilli; D_3__Bacillales; D_4__Bacillaceae; D_5__Bacillus"
"249","D_0__Bacteria; D_1__Proteobacteria; D_2__Gammaproteobacteria; D_3__Enterobacteriales; D_4__Enterobacteriaceae; D_5__Escherichia-Shigella; D_6__uncultured bacterium"
"250","D_0__Bacteria; D_1__Firmicutes; D_2__Bacilli; D_3__Bacillales; D_4__Bacillaceae; D_5__Bacillus"
"251","D_0__Bacteria; D_1__Firmicutes; D_2__Bacilli; D_3__Bacillales; D_4__Bacillaceae; D_5__Bacillus"
"252","D_0__Bacteria; D_1__Proteobacteria; D_2__Gammaproteobacteria; D_3__Enterobacteriales; D_4__Enterobacteriaceae; D_5__Escherichia-Shigella; D_6__uncultured bacterium"
"253","D_0__Bacteria; D_1__Proteobacteria; D_2__Gammaproteobacteria; D_3__Pseudomonadales; D_4__Pseudomonadaceae; D_5__Pseudomonas; D_6__Pseudomonas aeruginosa"
"254","D_0__Bacteria; D_1__Proteobacteria; D_2__Gammaproteobacteria; D_3__Enterobacteriales; D_4__Enterobacteriaceae; D_5__Citrobacter; D_6__Citrobacter freundii"
"255","D_0__Bacteria; D_1__Firmicutes; D_2__Clostridia; D_3__Clostridiales; D_4__Ruminococcaceae; D_5__Fastidiosipila; D_6__uncultured bacterium"
"256","D_0__Bacteria; D_1__Firmicutes; D_2__Bacilli; D_3__Bacillales; D_4__Bacillaceae"
"257","D_0__Bacteria; D_1__Firmicutes; D_2__Clostridia; D_3__Clostridiales; D_4__Lachnospiraceae; D_5__uncultured; D_6__uncultured bacterium"
"258","D_0__Bacteria; D_1__Firmicutes; D_2__Bacilli; D_3__Bacillales; D_4__Bacillaceae; D_5__Virgibacillus"
"259","D_0__Bacteria; D_1__Proteobacteria; D_2__Gammaproteobacteria; D_3__Pseudomonadales; D_4__Pseudomonadaceae; D_5__Pseudomonas"
"260","D_0__Bacteria; D_1__Proteobacteria; D_2__Gammaproteobacteria; D_3__Pseudomonadales; D_4__Pseudomonadaceae; D_5__Pseudomonas; D_6__Pseudomonas aeruginosa"
"261","D_0__Bacteria; D_1__Proteobacteria; D_2__Gammaproteobacteria; D_3__Enterobacteriales; D_4__Enterobacteriaceae; D_5__Escherichia-Shigella; D_6__uncultured bacterium"
"262","D_0__Bacteria; D_1__Proteobacteria; D_2__Gammaproteobacteria; D_3__Enterobacteriales; D_4__Enterobacteriaceae; D_5__Escherichia-Shigella"
"263","D_0__Bacteria; D_1__Proteobacteria; D_2__Gammaproteobacteria; D_3__Enterobacteriales; D_4__Enterobacteriaceae; D_5__Cronobacter"
"264","D_0__Bacteria; D_1__Proteobacteria; D_2__Gammaproteobacteria; D_3__Enterobacteriales; D_4__Enterobacteriaceae; D_5__Salmonella"
"265","D_0__Bacteria; D_1__Proteobacteria; D_2__Gammaproteobacteria; D_3__Enterobacteriales; D_4__Enterobacteriaceae; D_5__Escherichia-Shigella"
"266","D_0__Bacteria; D_1__Proteobacteria; D_2__Gammaproteobacteria; D_3__Enterobacteriales; D_4__Enterobacteriaceae"
"267","D_0__Bacteria; D_1__Proteobacteria; D_2__Gammaproteobacteria; D_3__Betaproteobacteriales; D_4__Burkholderiaceae; D_5__Comamonas; D_6__uncultured Comamonas sp."
"268","D_0__Bacteria; D_1__Firmicutes; D_2__Bacilli; D_3__Lactobacillales; D_4__Enterococcaceae; D_5__Enterococcus"
"269","D_0__Bacteria; D_1__Proteobacteria; D_2__Gammaproteobacteria; D_3__Pseudomonadales; D_4__Pseudomonadaceae; D_5__Pseudomonas; D_6__uncultured bacterium"
"270","D_0__Bacteria; D_1__Firmicutes; D_2__Bacilli; D_3__Bacillales; D_4__Staphylococcaceae; D_5__Staphylococcus; D_6__uncultured bacterium"
"271","D_0__Bacteria; D_1__Proteobacteria; D_2__Gammaproteobacteria; D_3__Enterobacteriales; D_4__Enterobacteriaceae; D_5__Escherichia-Shigella"
"272","D_0__Bacteria; D_1__Proteobacteria; D_2__Gammaproteobacteria; D_3__Pseudomonadales; D_4__Pseudomonadaceae; D_5__Pseudomonas"
"273","D_0__Bacteria; D_1__Firmicutes; D_2__Bacilli; D_3__Bacillales; D_4__Staphylococcaceae; D_5__Salinicoccus"
"274","D_0__Bacteria; D_1__Firmicutes; D_2__Bacilli; D_3__Bacillales; D_4__Staphylococcaceae; D_5__Staphylococcus; D_6__uncultured bacterium"
"275","D_0__Bacteria; D_1__Proteobacteria; D_2__Gammaproteobacteria; D_3__Pseudomonadales; D_4__Pseudomonadaceae; D_5__Pseudomonas"
"276","D_0__Bacteria; D_1__Firmicutes; D_2__Bacilli; D_3__Bacillales; D_4__Staphylococcaceae; D_5__Staphylococcus"
"277","D_0__Bacteria; D_1__Proteobacteria; D_2__Gammaproteobacteria; D_3__Enterobacteriales; D_4__Enterobacteriaceae; D_5__Escherichia-Shigella; D_6__uncultured bacterium"
"278","D_0__Bacteria; D_1__Proteobacteria; D_2__Gammaproteobacteria; D_3__Enterobacteriales; D_4__Enterobacteriaceae; D_5__Escherichia-Shigella; D_6__uncultured bacterium"
"279","D_0__Bacteria; D_1__Firmicutes; D_2__Bacilli; D_3__Bacillales; D_4__Bacillaceae; D_5__Bacillus; D_6__uncultured bacterium"
"280","D_0__Bacteria; D_1__Proteobacteria; D_2__Gammaproteobacteria; D_3__Enterobacteriales; D_4__Enterobacteriaceae; D_5__Escherichia-Shigella"
"281","D_0__Bacteria; D_1__Firmicutes; D_2__Bacilli; D_3__Bacillales; D_4__Staphylococcaceae; D_5__Staphylococcus; D_6__uncultured bacterium"
"282","D_0__Bacteria; D_1__Firmicutes; D_2__Bacilli; D_3__Bacillales; D_4__Staphylococcaceae; D_5__Staphylococcus"
"283","D_0__Bacteria; D_1__Proteobacteria; D_2__Gammaproteobacteria; D_3__Pseudomonadales; D_4__Pseudomonadaceae; D_5__Pseudomonas; D_6__Pseudomonas aeruginosa"
"284","D_0__Bacteria; D_1__Firmicutes; D_2__Bacilli; D_3__Bacillales; D_4__Staphylococcaceae; D_5__Staphylococcus"
"285","D_0__Bacteria; D_1__Proteobacteria; D_2__Gammaproteobacteria; D_3__Aeromonadales; D_4__Aeromonadaceae; D_5__Aeromonas"
"286","D_0__Bacteria; D_1__Firmicutes; D_2__Bacilli; D_3__Bacillales; D_4__Bacillaceae; D_5__Anaerobacillus"
"287","D_0__Bacteria; D_1__Firmicutes; D_2__Bacilli; D_3__Bacillales; D_4__Staphylococcaceae; D_5__Staphylococcus"
"288","D_0__Bacteria; D_1__Firmicutes; D_2__Bacilli; D_3__Bacillales; D_4__Staphylococcaceae; D_5__Staphylococcus"
"289","D_0__Bacteria; D_1__Bacteroidetes; D_2__Bacteroidia; D_3__Bacteroidales; D_4__Rikenellaceae; D_5__Rikenellaceae RC9 gut group; D_6__uncultured bacterium"
"290","D_0__Bacteria; D_1__Proteobacteria; D_2__Alphaproteobacteria; D_3__Rhizobiales; D_4__Beijerinckiaceae; D_5__Microvirga"
"291","D_0__Bacteria; D_1__Actinobacteria; D_2__Actinobacteria; D_3__Micrococcales; D_4__Microbacteriaceae; D_5__Microbacterium"
"292","D_0__Bacteria; D_1__Bacteroidetes; D_2__Bacteroidia; D_3__Chitinophagales; D_4__Chitinophagaceae; D_5__Arachidicoccus"
"293","D_0__Bacteria; D_1__Deinococcus-Thermus; D_2__Deinococci; D_3__Deinococcales; D_4__Trueperaceae; D_5__Truepera; D_6__uncultured endolithic bacterium"
"294","D_0__Bacteria; D_1__Proteobacteria; D_2__Gammaproteobacteria; D_3__Xanthomonadales; D_4__Xanthomonadaceae; D_5__Lysobacter; D_6__uncultured bacterium"
"295","D_0__Bacteria; D_1__Proteobacteria; D_2__Alphaproteobacteria; D_3__Sphingomonadales; D_4__Sphingomonadaceae; D_5__Sphingomonas; D_6__uncultured bacterium"
"296","D_0__Bacteria; D_1__Cyanobacteria; D_2__Melainabacteria; D_3__Obscuribacterales; D_4__uncultured bacterium; D_5__uncultured bacterium; D_6__uncultured bacterium"
"297","D_0__Bacteria; D_1__Proteobacteria; D_2__Gammaproteobacteria; D_3__Betaproteobacteriales; D_4__Burkholderiaceae"
"298","D_0__Bacteria; D_1__Proteobacteria; D_2__Gammaproteobacteria; D_3__Xanthomonadales; D_4__Xanthomonadaceae; D_5__Stenotrophomonas"
"299","D_0__Bacteria; D_1__Proteobacteria; D_2__Alphaproteobacteria; D_3__Sphingomonadales; D_4__Sphingomonadaceae; D_5__Sphingomonas; D_6__uncultured bacterium"
"300","D_0__Bacteria; D_1__Proteobacteria; D_2__Gammaproteobacteria; D_3__Pseudomonadales; D_4__Pseudomonadaceae; D_5__Pseudomonas"
"301","D_0__Bacteria; D_1__Firmicutes; D_2__Bacilli; D_3__Lactobacillales; D_4__Enterococcaceae; D_5__Vagococcus"
"302","D_0__Bacteria; D_1__Proteobacteria; D_2__Gammaproteobacteria; D_3__Enterobacteriales; D_4__Enterobacteriaceae; D_5__Escherichia-Shigella"
"303","D_0__Bacteria; D_1__Firmicutes; D_2__Bacilli; D_3__Bacillales; D_4__Bacillaceae; D_5__Anaerobacillus"
"304","D_0__Bacteria; D_1__Firmicutes; D_2__Bacilli; D_3__Lactobacillales; D_4__Streptococcaceae; D_5__Streptococcus; D_6__uncultured bacterium"
"305","D_0__Bacteria; D_1__Firmicutes; D_2__Bacilli; D_3__Bacillales; D_4__Listeriaceae; D_5__Listeria; D_6__Listeria monocytogenes"
"306","D_0__Bacteria; D_1__Firmicutes; D_2__Bacilli; D_3__Lactobacillales; D_4__Enterococcaceae; D_5__Enterococcus; D_6__Enterococcus faecalis"
"307","D_0__Bacteria; D_1__Firmicutes; D_2__Bacilli; D_3__Lactobacillales; D_4__Lactobacillaceae; D_5__Lactobacillus"
"308","D_0__Bacteria; D_1__Firmicutes; D_2__Bacilli; D_3__Lactobacillales; D_4__Enterococcaceae; D_5__Enterococcus; D_6__uncultured bacterium"
"309","D_0__Bacteria; D_1__Firmicutes; D_2__Bacilli; D_3__Lactobacillales; D_4__Lactobacillaceae; D_5__Lactobacillus; D_6__uncultured Bacillus sp."
"310","D_0__Bacteria; D_1__Firmicutes; D_2__Bacilli; D_3__Bacillales; D_4__Staphylococcaceae; D_5__Macrococcus"
"311","D_0__Bacteria; D_1__Firmicutes; D_2__Bacilli; D_3__Lactobacillales; D_4__Lactobacillaceae; D_5__Lactobacillus; D_6__uncultured bacterium"
"312","D_0__Bacteria; D_1__Firmicutes; D_2__Bacilli; D_3__Lactobacillales; D_4__Enterococcaceae; D_5__Enterococcus"
"313","D_0__Bacteria; D_1__Firmicutes; D_2__Bacilli; D_3__Lactobacillales; D_4__Lactobacillaceae; D_5__Lactobacillus; D_6__Lactobacillus fermentum"
"314","D_0__Bacteria; D_1__Firmicutes; D_2__Bacilli; D_3__Lactobacillales; D_4__Carnobacteriaceae; D_5__Granulicatella"
"315","D_0__Bacteria; D_1__Firmicutes; D_2__Bacilli; D_3__Lactobacillales; D_4__Enterococcaceae; D_5__Enterococcus; D_6__Enterococcus durans"
"316","D_0__Bacteria; D_1__Firmicutes; D_2__Bacilli; D_3__Bacillales; D_4__Listeriaceae; D_5__Listeria; D_6__Listeria monocytogenes"
"317","D_0__Bacteria; D_1__Firmicutes; D_2__Bacilli; D_3__Lactobacillales; D_4__Lactobacillaceae; D_5__Lactobacillus; D_6__Lactobacillus casei"
"318","D_0__Bacteria; D_1__Firmicutes; D_2__Bacilli; D_3__Lactobacillales; D_4__Lactobacillaceae; D_5__Lactobacillus; D_6__Lactobacillus fermentum"
"319","D_0__Bacteria; D_1__Firmicutes; D_2__Bacilli; D_3__Lactobacillales; D_4__Enterococcaceae; D_5__Enterococcus"
"320","D_0__Bacteria; D_1__Firmicutes; D_2__Bacilli; D_3__Lactobacillales; D_4__Lactobacillaceae; D_5__Lactobacillus; D_6__Lactobacillus fermentum"
"321","D_0__Bacteria; D_1__Firmicutes; D_2__Bacilli; D_3__Bacillales; D_4__Staphylococcaceae; D_5__Salinicoccus"
"322","D_0__Bacteria; D_1__Proteobacteria; D_2__Gammaproteobacteria; D_3__Enterobacteriales; D_4__Enterobacteriaceae; D_5__Escherichia-Shigella; D_6__uncultured Escherichia sp."
"323","D_0__Bacteria; D_1__Firmicutes; D_2__Bacilli; D_3__Lactobacillales; D_4__Enterococcaceae; D_5__Enterococcus; D_6__Enterococcus faecalis"
"324","D_0__Bacteria; D_1__Proteobacteria; D_2__Gammaproteobacteria; D_3__Enterobacteriales; D_4__Enterobacteriaceae; D_5__Escherichia-Shigella; D_6__uncultured Escherichia sp."
"325","D_0__Bacteria; D_1__Firmicutes; D_2__Bacilli; D_3__Bacillales; D_4__Bacillaceae; D_5__Bacillus"
